Sequence ID;V-GENE and allele;AA JUNCTION;SUBSET;V-REGION
DE-02-1363-H1;IGHV4-34*08 F;ARGYPVTTVTRRYYYYGMDV;4;.........................YVETF....SGFYWSWIRQPPGKGLEWIGDIDHS...GSTNYNPSLK.RRVTISADTSKNQFSLKLTSVTAADTAVYYC
SE-01-0158-H1;IGHV4-34*02 F;ARGWGDTAVLRRYYYYGLEV;4;HVQLQQWGA.GLLKPSETLSLTCAVYGDSF....SGYYWNWIRQSPGRGLEWIGEINYS...GDTKINPSLK.GRVTVSVDTSKNQFSLKLRSVTAADTAVYYC
NL-01-0272-H1;IGHV4-34*01 F;VRGYGDTPTLRRYYYYGMEV;4;.......................AVYGGSF....SGFYWTWIRQAPGKGLEWIGEINHI...GSSTYNPSLK.SRVTISVDTSKNQFSLRLNSVTAADTAIYYC
NL-01-0342-H1;IGHV4-34*01 F;ARGYGVDPTVRRYYYYGMDV;4;.......................AVYGDSF....SGYYWSWIRQSPGKGPELIGEVNHS...GSTNYNPSLK.SRVTISVDTSKNQFSLNLRSVTAADTAVYFC
SE-01-0089-H1;IGHV4-34*01 F;ARGYPDADEIKRYYYNGFEV;4;.........................YGESF....SGYYWSWIRQPPGKGLEWIGEINHS...GSTKYNPSLK.SRLTISVDTSKNQFSLKLKSVTAADTAVYYC
SE-01-0243-H1;IGHV4-34*01 F;ARGYPLTAVMRRYYYYGMDV;4;.................TLSLTCAVYGESF....TDYYWDWIRQPPGKGLEWIGEINHS...GSTSYNPSLK.SRVTISADTSKNQFSLRLSSVTAADTAVYYC
SE-01-0255-H1;IGHV4-34*01 F;ARGYGSTATTRRYYYYGMDV;4;.................TLSLTCAVYGGSF....SDYLWTWVRQSPGKGLECIGEINHS...GSTNYNPSLK.SRVTISVDTTKKQFSLTLSSVTAADTAVYYC
CZ-01-0122-H1;IGHV4-34*01 F;VRGYGDTADLRRYYYYGMDV;4;QVQLQQWGA.GLLKPSETLSLTCAVYGESF....SGYYWSWIRQPPGKGLEWIGEINHS...GSTNYNPSLK.SRVTISVDTSKNQFSLKLSSVTAADTAVYYC
CZ-01-0141-H1;IGHV4-34*01 F;ARGYGDTAEVKRYYYYGMDV;4;QVQLQQWGA.GLLKPSETLSLNCAVYGGSF....SGNYWSWIRQPPGKGLEWIGQINHS...GSSSYKPSLK.SRVTISVDTSKNQFSLRLSSVTAADTAVYYC
DK-01-0076-H1;IGHV4-34*01 F;ARGWGDTDVVRRYYYYGMEV;4;QVHLQQWGA.GLLKPSETLSLTCAVYGASF....SGYFWNWIRQSPGKGLEWIGEINHA...GSTNYNPSLK.NRVILSVDTSKNQFSLKLTSVTAADTAVYYC
DK-01-0419-H1;IGHV4-34*01 F;ARGWGSTATTRRYYYYGMDV;4;QVQLRQWGP.GLLRPSETLSLTCAVYGGSF....SDYYWSWIRQSPGKGLELIGEINHG...GSTRYHPSLK.SRVTISVDTSKNQFSLRLSSVTAADTSVYYC
DK-01-0545-H1;IGHV4-34*01 F;TRGYGDTQDVRTYYYYGMDV;4;QVQLKQWGA.GLLKPSETLSLTCAVYGGSF....SGYYWTWIRQTPERGLEWIAEINHS...GYTNYNPSLK.SRVAVLVDTSKNQFSLKVNSVTAADTGVYYC
FR-01-1117-H1;IGHV4-34*01 F;ARGYGDDPTSRRYYYYGMDV;4;QVRLQQWGA.GLLKPSEILSLTCAVYGDSF....SGYYWAWIRQPPGKGLEWIGEINRG...GSTNYNPSLK.SRVTITIDTSKNQFSLTLTSATAADTAVYYC
FR-01-1188-H1;IGHV4-34*01 F;VRGYGSDATSRRYYYYGMDV;4;QEQLKQWGA.GLLKPSETLSLTCAVYGDSF....RGYYWTWIRQSPEKGLEWIGHIDHS...GSTNYNPSLK.SRITIAVDTSKNQFSLKLRSVTAADSGVYYC
GR-01-0002-H1;IGHV4-34*01 F;ARGYPDTPVVRRYYYYGMDV;4;QVQLQQWGA.GLLKPSETLSLTCAVYGESF....SGYYWTWIRQPPGKGLEWIGEINHS...GSTNYNPSLK.SRVTISVDTSKNQFSLKLTSVTAADTAVYYC
GR-01-0073-H1;IGHV4-34*01 F;VRGYPDTAVVKRYYYYGMEV;4;....QQWGA.GLLKPSETLSLTCAVYIESF....SGYYWTWIRQAPGKGLEWIGEINHS...GITNYSPSLK.SRVTISVDTSKNQFYLNLNSVTAADTAVYYC
GR-01-0092-H1;IGHV4-34*01 F;VRGYADTAVVRRYYYYGMDV;4;QLRLQQWGA.GLLKPSETLSLTCAVYGDSF....SGYYWTWIRQSPGKELEWMGEINHS...GSINYNPSLK.SRLTISVDTSKNQFSLQLTSVTAADTAVYYC
GR-01-0110-H1;IGHV4-34*01 F;ARGYGDSPDTKRYYYFGLDV;4;QVLLQQWGA.GLLKPSQTLSLTCAVYGGSF....SGYYWSWIRQSPGKGLEYIGDINQS...GSTKYNPSLK.SRVTLSVDTSKNQISLKLNSVAAADTAVYYC
GR-01-0334-H2;IGHV4-34*01 F;ARGWPEDAVTRRYYYYGMEI;4;QVQLKQWGA.GLLKPSETLSLTCAVFGESF....SSFYWSWLRQPPGKGLEWIGEINRS...GRTNYNPSLK.SRVTMSVDTSKNQFSLTLNSLTAADTAVYYC
GR-01-0417-H1;IGHV4-34*01 F;ARGYPDTPVVRRYYYYGFDV;4;QDRLQQWGA.GLLKPSETLSLTCAVYGDSF....SGYYWSWIRQPPGKGLEWIGDINHT...GSTNYNSSLM.SRVTLSVDTSKNQFSLKLSSVTAADTAVYYC
GR-01-0479-H1;IGHV4-34*01 F;VRGYGVTAETRRYYYFGMDV;4;QVQLRQWGA.GLLKPAETLSLTCAVFGGSF....NDNYWTWIRQSPGKGLDWIGEIDHS...GRTTYNPSLK.SRVTISVDTSKNQFSLKLISVTAADTARYFC
GR-01-0521-H1;IGHV4-34*01 F;ARGYGDTADTRRYYYYGLDV;4;QVQLKQWGA.GLLKPSETLSLTCAVYGGSF....SGYYWSWIRQPPGERLEWIGEINHS...GSTNYNLSLK.SRVTVSVDTSKNQFSLNLRSVTATDTAVYYC
GR-01-0579-H1;IGHV4-34*01 F;VQGYPTAYDIRRYYYYGMDV;4;QVQLQQWGA.GLLKPSETLSLTCAVYGGSF....SDFSWSWIRQPPGKGLEWIGEINHS...GNTNYNPSLK.SRVTISVDTSKNQFSLNLSPVTAADTAVYYC
GR-01-0702-H1;IGHV4-34*01 F;VRGWGDTVDSRRYYYYGMDV;4;QVRLQQWGA.GHLRPSETLSLTCAVYGESF....SGYYWTWIRQPPGKGLECIGEINHR...GDANYNPSLK.SRVAISVDTSKNQFSLRLSSVTAADAAVYYC
GR-01-0718-H1;IGHV4-34*01 F;ARGYPDTPVVRRHYYYGMDV;4;QVKLQQWGA.GLLKPSETLSLTCAVYDESF....SGHYWSWIRQPPGKGLEWIGEINHS...GSTNYNPSLK.SRVTISVDTSKNQFSLKLSSVTAADTAVYYC
GR-01-0777-H1;IGHV4-34*01 F;ARGYPDSPDVRRYYFYGFDV;4;QAQLQQWGA.GLLKPSETLSLTCAVYIESF....SGFYWSWVRQSPGKGLEWIGEVNHS...GSTNYNPSLK.SRVTISADTSKNQFSLKLTSVTAADTAIYYC
GR-02-0260-H1;IGHV4-34*01 F;ARGFGDTAVVRRYYYYGMDV;4;QVQLQESGA.GLLKPSETLSLTCAVYGESF....SGYFWTWIRQSPGEGLEWIGEINHS...GTTNYNPSLK.RRVTISVDTSKNQFSLKLSSVTAADTAVYYC
GR-02-0383-H1;IGHV4-34*01 F;VRGYGDNEVGKRYYYYGMDV;4;QVHLQQWGA.GLLKPSETLSLSCAVYGGSF....SGYYWSWIRQPPGKGLEWIGEINHS...GSTSHNPSLK.SRLTISVDTSKNQISLKLRSVTAADTAVYYC
GR-02-0454-H1;IGHV4-34*01 F;ARGYGSGSDTRRYFYYGLDV;4;QLQLKQWGA.GLLKPSETLSLTCAVYGESF....SDSQWSWIRQSPGKGLEYIGEINHS...GSTNYNPSLK.SRVTVSVDTAKNQFSLTLSSVTAADTAIYYC
GR-02-0587-H1;IGHV4-34*01 F;ATGWGSTEEIRRYYYYGMDV;4;QVQLKQWGA.GLLKPSETLSLTCAVYGGSF....SDYYWTWIRQTPGKGLEWIGEINHS...GSTNYNPSLK.SRVTISVDTSKNQFSLRLSSVTAADTAVYYC
IT-01-0147-H1;IGHV4-34*01 F;ARGYPDDPVVRRYYYYGMDV;4;QDHLKQWGA.GLLKPSETLSLTCAVYGESF....RGYYWSWIRQSPEKGLEWIGEINHS...GNTNYNAALK.SRVTISVDTSKNQFSLKLNSMTAADTAVYYC
IT-01-0423-H1;IGHV4-34*01 F;ARGYPDTDVVRRYYYYGMEV;4;QVQLQQWGA.GLLKPSETLSLTCAVYGESF....SGFYWNWIRQSPGKGLEWIGEINHF...GSTNYNPSLK.SRVTISVDTSKNQFSLTLSSVTAADTAVYFC
IT-02-0486-H1;IGHV4-34*01 F;ARGYGETAVVKRYYYYGMDV;4;QLQLQQWGA.GLLKPSETLSLTCAVYGGSF....SGYYWSWIRQPPGKGLEFIGEINHS...GDTYYNPSLE.SRVSISVDTSKNQFSLKVSSVTAADTAVYFC
IT-02-0503-H1;IGHV4-34*01 F;VRGYPDTAVVKRYYYYGMDV;4;QVQLQQWGA.GLLKPSETLSLTCAVYVDSF....SGFYWTWIRQPPGKGLEWIGQIDHT...GNSNYNPSLE.SRVTISVEPSKNQFSLRLTSVTAADTAVYYC
IT-02-0624-H1;IGHV4-34*01 F;ARGYPDTDVVRRYYYYGMDV;4;QEHLQQWGA.GLLKPSETLSLTCAVYTESF....SGFHWSWIRQSPGKGLEWIGEINLS...GGTNYNPSFK.SRVTMSVDTSKNQFSLMLSAVTAADTGVYYC
IT-02-0709-H1;IGHV4-34*01 F;ARGYPDSADLRRYYYYGMDV;4;QVQLKQWGA.GLLKPQETLSLTCAIFGESF....SGFYWTWIRQSPGRGLEWIGEIHHS...GSTQYNPSLK.SRVTISVDTSKNQFSLKVSSLTAADSAIYFC
IT-05-0108-H1;IGHV4-34*01 F;ARGYGDTPETRRYYYYGMDV;4;..QLQQWGV.GLLKPSETLSLTCAVYGDSF....SGYYWTWIRQPPGKGLEWIGEINHS...GGTNYNPSLK.SRVTVSVDTSKNQFSLKVSSVTAADAAVYYC
IT-05-0171-H1;IGHV4-34*01 F;VRGYPDTAVVRRYYYYGMDV;4;QVQLQQWGA.GLLKPSETLSLSCAVYGESF....SGHFWTWIRQSPAKGLECIGEINHA...GTTNYNPSLR.SRVTISVDTSKNQISLKLRSVTAADTAVYYC
IT-05-0176-H1;IGHV4-34*01 F;ARGYGDTAVVKRYFYYGMDI;4;QEQLQQWGA.GLLKPSETLSLTCAVYGGSF....SGYQWSWIRQSPGKGLELIGEINHS...GNTNYNPSLR.SRVTISLDTSKNQFSLRLTSVTAADTAVYYC
NY-01-0264-H1;IGHV4-34*01 F;ARGWGDTPMLKRYYYYGLDV;4;QVQLQQWGA.GLLKPSETLSLTCAVYGESF....SGYYWSWIRQPPGKGLEWIGEINHS...GSTNYNPSLK.SRVTISVDTSKNQFSLKLTSVTAADTAVYFC
NY-01-0415-H1;IGHV4-34*01 F;ARGWPDTDVVKRYYYYGMEV;4;QVQLQQWGA.GLLKPSETLSLTCAVYFESF....SGYYWSWIRQPPGKGLEYIGEINHS...GNTNYNPSLE.SRLTISVDTSKNQFSLRLSSVTAADTAVYYC
NY-01-0721-H1;IGHV4-34*01 F;VRGYGDSLTTRRYYYYGMDV;4;QLQLQQWGA.GLLKPLETLSLTCAVYGGSF....SDCNWGWVRQAPGKGLEWIGEINYR...GDSHYNPSLK.SRVTVSVDTSKNQFSLKVNSVTAADMAVYYC
NY-01-0931-H1;IGHV4-34*01 F;ARGYGDTTDSRRYYYYGMDV;4;QVQLQQWGA.RLLKPSETLSLTCAVYGGSF....SGYFWTWVRQSPGKGLECLGEINHS...GNTNYNPSLK.SRVSVSVDTSKNQFSLKLKSVTAADTAVYYC
SE-01-0144-H1;IGHV4-34*01 F;ARGWGDTAVIRRYYYYGMDV;4;QVQLQQWGA.GLLKPSETLSLTCAVYGGSF....SGYYWSWIRQSPGKGLELIGEINHS...GNTNYNPSLK.SRVTISVDTSKNQFSLRVNSVTAADTATYYC
SE-01-0966-H1;IGHV4-34*01 F;VRGYGDTAVVRRYYYYGMDV;4;QEQLQQWGA.GLLKPSETLSLTCAVYGGSF....SGYYWSWIRQSPGRGLEWIGEINHS...GSTNYNPSLK.SRVTVSVDTSKNQFSLKLSSVTAADTAVYYC
SE-01-1032-H1;IGHV4-34*01 F;ARGWGDTEDTRRYYYYGMDV;4;QVQLQQWGA.GLLKPAETLSLACAVYGGSF....SGYYWSWIRQSPGKGLECIGEINHR...GSTNYNPSLK.SRVTISVDTSKNQFSLKLSSVTAADTAVYYC
UK-03-0163-H1;IGHV4-34*01 F;ARGYGDTVDTRQYYYYGMDV;4;QVQLQQWGA.GLLKPSETLSLTCAVYGGSF....SGYFWNWIRQPPGKGLELIGEINHS...GTTNYNPSLK.SRVTMSVDTSKNQFSLKFSSVTAADTAVYYC
UK-03-0263-H1;IGHV4-34*01 F;ARGYGDTAVVRRYYYYGMDV;4;QVQLQQWGA.GLLKPSETLSLTCAVYGESF....SGYYWSWIRQVPGKGLEWIGEINHS...GSTNYNPSLG.SRVTISIDTSKNQFSLRLSSVTAADTALYYC
UK-03-0373-H1;IGHV4-34*01 F;ARGYPMSQDKRRYYYYGMDV;4;QEQLKQWGA.GLLKPSETLSLTCAVYGESF....SGFYWTWIRQSPGKGLEWIGEINHR...GDTNYNPSLK.SRVTISVDMSKSQFSLKLNSVTVADTAVYYC
UK-03-0395-H1;IGHV4-34*01 F;VRGYPDTGVVRRYYYYGLDL;4;QVQLQQWGA.GLLKPSETLSLTCAVYTESF....SGFFWTWVRQSPGKGLESIGEINHS...GITNYNPSLK.SRVAMSVDTSKNQITLELSTVTAADTAVYYC
US-01-1379-H1;IGHV4-34*01 F;ARGYADTPVVRRYYYYGLEV;4;QVQLQQWGA.GLLKPSETLSLTCAVYGESF....SGYYWTWIRQPPGKGLEWIGEVNHS...GSTNYNPSLK.SRVTISVDTSKNQFSLRLNSVTAADTAIYYC
AT-01-0045-H1;IGHV4-34*01 F;ARWGGGSGSYRHYYYNGMDV;4;QVQLQQWGA.GLLKPSETLSLTCGVYGGSF....SGYYWSWIRQPPGKGLEWIGEMDHS...GSTDYNPSLK.SRVTMSADTSKNQFTLKLRSVTAADTAVYYC
AT-01-0080-H3;IGHV4-34*01 F;ARGYPTTVDMRRYYYYGMEV;4;QVQLQQWGA.GLLKPSETLSLTCAVYGGSF....SDYYWNWIRQSPGKGLEWIGKINHS...GSPTYNPSLK.SRVTISVDTSKNQFSLQLSSVSAADTAVYYC
DE-03-1155-H1;IGHV4-34*01 F;VRGYGVEATMRRYYYYGMDV;4;QLQLQQWGA.GLLKPSETLSLTCAVYGDSF....SDYYWTWIRQPPGKGLEWIGEINHS...GSANHNPSLK.SRVTISVDTSKNQFSLNLNSVTAADMAVYYC
DE-03-1883-H1;IGHV4-34*01 F;ASAYPVDPTTRRYYYYGLDV;4;QMQLRQWGA.GLLKPSETLSLTCAVYGGSF....SGHYWSWIRQSPGKGLEFIGEINQS...GDTKYNPSLK.NRVTISVDTSKNQFSLKVRSLTAADAAVYYC
DE-03-2194-H1;IGHV4-34*01 F;ARGFGDTPVVRRYYYYGMDV;4;QVQLQQWGA.GLLKPSETLSLTCAVYGGSF....SGNYWSWIRQPPGKGLEWIGEINHS...GSGNYNPSLK.NRVTISVDTSKNQFSLKLSSVTAADTAIYYC
DE-03-2409-H1;IGHV4-34*01 F;VRGYGDTPVVRRYYYYGMDV;4;QVRLQQWGA.RLLKPSETLSLTCAVFGESF....GSYYCSWIRQPPGKGLEWIGEINRS...GSTNYNPSLK.SRVTISVDTSKNQISLKLTSVTAADTATYYC
DE-03-2638-H1;IGHV4-34*01 F;ARGFPDTTTIRRYYYYGMEL;4;QVQLQQWGA.GLLKPSETLSLTCAVYVESF....SGFYWNWIRQSPGKGLEWIGKIDYS...GRTTYNPSLM.SRVTISVDRSKNQFSLNLRSVTAADTAVYYC
ES-01-0198-H1;IGHV4-34*01 F;ARGYPTTAVTRRYYYYGMEV;4;QVHLQQWGA.GLLKPSETLSLTCAVYGESF....SGFFWTWIRQTPGKGLEWIGEINDG...GDTNYNPSLK.SRVSISVDTSKNQFSLKVNSVTAADTAVYYC
NL-04-0136-H1;IGHV4-34*01 F;ARGWGDTAVTRRYYYYGLDV;4;QLQLRQWGA.GLLKPSETLSLTCAVYGGSF....SGYYWSWIRQSPGKGLEWIGEINYS...GVTDYNPSFK.SRVTISIDTSKNQFSLKMRSLTAADTVVYYC
NY-01-1149-H1;IGHV4-34*01 F;ARGYGDTPTVKRYYYYGLDV;4;QVQLKQWGA.GLLKPSETLSLTCAVYGGSF....SGTYWTWIRQSPGKGLEWIGEINQS...GSTNYNPSLK.SRVTVSVDTSKNQFSLNLKSVTAADTGVYYC
NY-01-1172-H1;IGHV4-34*01 F;VRGFGDTAVVRRYYYYGMDV;4;QLQLQQWGA.GLLKPSETLSLTCAVYGDSF....SGYSWTWIRQPPGKGLEWMGEINHS...GSTNYNPSLK.SRVTISVDTSKNQFSLKLSSVTAADTAVYYC
SR-01-0010-H1;IGHV4-34*01 F;ARDYPDTADIRRYYYYGMDV;4;QVQLQQWGA.GLLKPSETLSLTCAVYGESF....SGFYWSWIRQPPGKGLEWIGEINHS...GSTNYNPSLK.SRVTISVDTSKNQFSLRLSSVTAADTAVYYC
SR-01-0036-H1;IGHV4-34*01 F;ARSYPESPTLRRYYYYGMDL;4;QERLQQWGA.GLLKPSETLSLTCAVFGESF....SDFYWSWIRQPPGRGLEWIGEINHS...GNTNYNPSLK.SRVTISRDTSKNQFSLKLTSVTAADTAVYYC
DE-02-0191-H1;IGHV4-34*02 F;TRGYGDSPTYRRYYYYGMDV;4;QVHLQQWGA.GLLKPSETLSLTCAVYGDSF....SGYYWSWIRQSPGKGLEWIGEINHS...GSTNYNPSLK.SRVTISVDTSKNQFSLKMRSVTAADTAVYYC
FR-01-0990-H1;IGHV4-34*02 F;ARGFPTSPEKRRYYYYGMDV;4;QEYLEQWGA.GLLKPSETLSLTCAVYCESF....RGFSWNWIRQAPGKGLEWIGEINDA...GDTNYNPSLK.SRVTISVDTSKNQFFLSLTSVTAADTSIYYC
GR-01-0059-H1;IGHV4-34*02 F;ARSYGSTPTTRRYYYYGMDV;4;....QQWGA.GLLKPSETLSLTCAVYGESF....NGYYWSWIRQPPGKGLEWIGEIDHS...GSTNYNPSLK.SRVTISVDTSKNQFSLKVSSVTAADTGVYYC
GR-01-0205-H1;IGHV4-34*02 F;ARGYGTSATTKRYYYYGMDV;4;QEQLQQWGA.GLLKPSETLSLTCAVYLDSF....TDYYWTWIRQPPGKGLECIGEIDHS...GSTNYNPSLK.SRVTISVDTSKNQFSLKLTSVTAADTAVYYC
GR-01-0369-H1;IGHV4-34*02 F;ARGYPEVPTTRRYYYYGMEL;4;QEHLQQWGA.GLLKPSETLSLTCGVYGGSF....SGFYWSWIRQPPGKGLEWIGEINHS...GSTKYNPSFK.SRVTISVDTAKNQFSLRVRSVTAADTAVYYC
GR-02-0244-H1;IGHV4-34*02 F;ARGFPLEAVIRRYYYYGMDV;4;..QLQQWGA.GLLKPSETLSLACAVYGDSF....NDYYWTWIRQSPGKGLEWIGEINHS...GSTNYNPSLK.SRVTISVDRSKNQFSLKMISMTAADTAVYYC
IT-01-0230-H1;IGHV4-34*02 F;ARGYGTTATTRRYYYYGMDV;4;QVQLQQWGA.GLLKPSETLSLTCAVYGESF....SDYYWNWIRQSPGKGLECIGQIDHS...GSSKYNPSLK.SRVTMSVDTSKNQFSLNLRSVTAADTAVYYC
IT-06-0108-H1;IGHV4-34*02 F;ARGFGDTTVGRRYYYYGMDV;4;QLQLQQWGA.GLLKPSETLSLTCAVYGDSF....SGYFWSWIRQLPGKGLEWIGEINHI...GSVNHNPSLK.GRVTVSVDTSKNQFSLKLTSLTAADTAVYYC
NY-01-0200-H1;IGHV4-34*02 F;ARGYGDTPTIRRYYYYGMDV;4;QLQLQQWGA.GLLKPSETLSLTCAVYGGSF....SGYYWTWIRQSPGKGLEWIGEINHS...GSTTYNPSLK.SRVTISVDTSKNQFSLKLNSVTAADTAVYYC
DE-03-0994-H1;IGHV4-34*02 F;VRGYGDTDVVKRYYYYGMDV;4;QVQLQQWGA.GLLKPSETLSLTCAVYVDSF....SGFQWTWIRQSPGKGLEWIGDINQS...GSTNYNPSLR.SRALISADTSKNQFSLNLKSVTAADTAVYYC
DE-03-1196-H1;IGHV4-34*02 F;ARGYGESATLRRYYYYGMDV;4;QLQLKQWGA.GLLKPSETLSLTCAVFGESF....SGYYWTWIRQPPGKGLEWIGEINHR...GSTNYDRSLK.SRVTIWLDTSKTQLSLKLSSVTAADTAVYYC
DE-03-3165-H1;IGHV4-34*02 F;ARDYPDTAVVRRYYYYGMDV;4;QVQLRQWGA.GLLKPSETLSLTCAVFGESI....SGSFWSWIRQPPGKGLEWIGDINHS...GSTNYSPSLK.SRVTISVDTSKNQFSLNLRSVTAADTAVYYC
ES-01-0124-H1;IGHV4-34*02 F;ARGYGETGSTRRYYYYGLDV;4;QLQLQQWGA.GLLKPSETLSLSCAVYGESF....SGYYWTWIRQTPGKGLEWIGEINYR...GDINYNPSLK.SRVTLLVDTSKNQFSLKLNSVTAADTGVYYC
ES-01-0194-H1;IGHV4-34*02 F;ARGYGDTAVSRRYYYYGMDV;4;QVQLQQWGA.GLLKPSETLSLTCAVYGEAF....SGYYWSWIRQFPGKGLEWLGEINYR...GDTNYNPSLK.SPVTISIDTSKNQFSLKVNSVTAADTAVYYC
ES-01-0538-H1;IGHV4-34*02 F;VRGYPDTAVVKRYYYYGMDV;4;QVQLQQWGA.GLLKPSETLSLSCAVYVESF....SGFYWTWIRQPPGKGLEYIGEITHV...GITNYNPSLK.SRVTMSVDTSKNQFSLKLTSVTAADTAVYYC
NL-04-0036-H1;IGHV4-34*02 F;ARGFPDTAVVKRYYYYGMEV;4;QVQLQQWGA.GLLKSSETLSLTCAVHDESL....SGFYWSWIRQPPGKGLEYIGEINHT...GSTDYNPSLK.SRVTISIDTSKNQFSLKLSSVTAADTAVYYC
NY-01-1032-H1;IGHV4-34*02 F;ARGFGVEPTTRRYYYYGMDA;4;QVQLQQWGA.GLLKPSETLSLSCAVYGDSF....SGYYWSWIRQFPGKGLEYIGEINHS...GSTNYNLSLK.SRVTISVDTSKNQFSLKLSSVTAADMAVYYC
GR-01-0116-H1;IGHV4-34*03 F;ARGYGTSDDTRRYYFYGMDV;4;..HLKQWGA.GLLKPSETLSLSCAVYGGSF....SDTYWSWIRQSPGMGLELIGQVNHF...GSANYNPSLK.TRVTISVDTSKNQFSLKLTSLTAADTAVYYC
IT-06-0221-H1;IGHV4-34*03 F;ARGYPDASDVRRYYYYGMEL;4;QEQLQQWGA.GLLKPSETLSLTCAVFAESF....SGFYWTWIRQPPGRGLEWIGQINHI...GNTAYNPSLG.SRVTMSVDMSKNQFSLKLTSVTAADTAVYFC
NY-01-0550-H1;IGHV4-34*03 F;VRGYGDTPVVRRYYYYGMDV;4;QEQLKQWGA.GLLKPSETLSLTCAVYTESF....SGFYWSWIRQFPGKGLEWIGEINHG...GDTKYNPSLK.SRVTISVDTSKNQFSLKLTSVTAADTAVYYC
NY-01-1070-H1;IGHV4-34*03 F;ARGYGDSDDVRRYYYYGMDV;4;QVQLQQWGA.GLLKPSETLSLTCAVYGGSF....SGYYWSWIRQSPGKGLEWIGEINHS...GNTNYNPSLK.SRVTISVDTSKNQFSLKVNSVTAADTAVYYC
UK-01-0515-H1;IGHV4-34*08 F;ARTFGSTVDIRRFYYYGVDV;4;........A.GLLKPSETLSLTCAVYGETF....SDSFWGWIRQSPGKGLEWIGEINHS...GTTNYNPSLK.SRLTMSVDTSKNQFYLKLSSLTAADTAVYYC
DE-03-3512-H1;IGHV4-34*08 F;ARGYPDTPTIKRYYYYGLEV;4;.....................TCAVYGETF....SGFYWNWIRQPPGEGLEWIGEINHS...GSTNYNPSLK.SRVTISVDTSKNQFSLRMSSVTAADTAVYYC
IT-02-0651-H1;IGHV4-34*01 F;ARGYPDTPVVRRYYYYGFDV;4;QDQLKQWGA.GLLKPSETLSLTCAVYGESF....SGYYWTWIRQSPGKGLEWIGEINHS...GGVNYNPSLK.SRVTISVDTSKNQFSLRLSSVTAADTAIYYC
NY-01-0960-H1;IGHV4-34*01 F;ARSYGDNFEVRRYYFYGMDV;4;QVQLKQWGA.GLLKPSETLSLTCAVYGESF....SGCFWSWIRQSPGKGLQWIGEINHS...GITNYDPSLK.SRVTISIDTSKNQFSLKLSSMTAADTAVYYC
SE-01-1057-H1;IGHV4-34*01 F;ARGYPDTAVVRRYYYYGMEV;4;QVQLQQWGA.GLLKPSETLSLTCAVYGESF....NGFYWTWIRQSPGRGLEWIGEVNHS...GSTNYNPSLK.SRLTISVDTSKNQFSLNLRSVTAADTAIYYC
DE-03-0901-H1;IGHV4-34*01 F;ARGYPDTAVVRRYYYNGFDV;4;QVQLKQWGA.GLLKPSETLSLTCAVYGESF....SGYLWNWIRQPPGKGLEWIGEVNHS...GGTDYNPSLK.SRVTISIDTSKNQFSLKLTSVTAADTAVYYC
GR-01-0928-H1;IGHV4-34*01 F;ARGYGVDATTRRYYYYGMDV;4;QLQLQQWGP.GLLRPSETLSLTCAVYGDSF....SGYYWTWIRQPRGKGLEWIGEINHS...GSTNYNPSLK.SRVTISLDTSKNQFSLNLKSVTAADTAVYFC
DK-01-0249-H2;IGHV4-34*02 F;ARGYPSDEVTRRYYYYGFEV;4;QVQLPQWGA.GLLKPSETLSLTCAVYGESF....NDYFWTWIRQPPGKGLEWIGEINHI...GTTNYNPSLK.SRVTISVDTSKNQFSLKLSSVTAADTAVYYC
GR-01-0039-H1;IGHV4-34*02 F;ARGYADTPTFRRYYYYGMDV;4;QVQLQQWGA.GLLKPSETLSLTCAVYGESF....SGYYWSWIRQPPGKGLEYIGEINHS...GITNYNPSLK.SRVTISVDTSKNQISLKLSFVTAADMAVYYC
IT-02-0212-H1;IGHV4-34*02 F;ARDYPETPVTRRYYYYGVDV;4;QEQLQQWGA.GLLKPSETLSLTCAVYTESF....SGFYWSWIRQIPGKGLEWIGEITYS...GSTRYNPSLK.GRVTISVDTSKNQFSLKLDSITAADTGVYYC
DE-02-1831-H1;IGHV4-34*03 F;ARGYGDTAVIKRYYYYGMDA;4;.........................YGDSL....SGYYWTWIRQPPGKGLEWIGEINHS...GSTNYNPSLK.SRVTISVDTSKNQFSLKLTSVTAADTAVYYC
DE-03-4115-H1;IGHV4-34*03 F;TRGYGATMDTRRYFYYGFEV;4;QVHLQQWGA.GLLKPSETLSLTCAVYVDSF....SGYYWTWIRLPPGKGLEWIGETDHS...GSATYNPSLK.GRVTISVDTSKNQFSLRLTSVTAADTAVYYC
NY-01-0220-H1;IGHV4-34*01 F;ARGYADTPVFRRYYYYGMDV;4;QVQLQQWGA.GLLKPSETLSLNCAVYGESF....SGYYWSWIRQPPGKGLEWIGEINHS...GSTNYNPSLK.SRVTISVDTSKNQFSLKLSSVTAADAAIYYC
ES-01-0300-H1;IGHV4-34*01 F;ARGWGDDFVTRRYYYYGMDV;4;QVQLRQWGA.GLLKPSETLSLTCAVYGGSF....SGNFWSWIRQTPGKGLEWIGEINHR...GSTNYNPSLK.SRVTISVDTSKNQFSLKLNSVTAADTAAYYC
NL-04-0148-H1;IGHV4-34*01 F;ARGYPTDMVTRRYYYYGLDV;4;QEHLQQWGA.GLLKPSETLSLTCAVYTESF....NGFLWGWIRQPPGKGLEYIGEINDS...GGTKYNPSLK.SRVTISADTSKNQFSLRLTSVTAADTAVYYC
IT-02-0215-H1;IGHV4-34*08 F;ARGYGDSDVLKRYYYYGLEV;4;QVQLRQWGS.GLLKPSETLSLTCAVYGETF....SGYYWTWIRQPPGKGLELIGEINHS...GTTNYNPSLK.SRVTISVDTSKNQFSLKMTSVTAADTAAYYC
GR-02-0217-H1;IGHV4-34*01 F;ARGLWIVVVPAASDYWYFDL;207;QVQLQQWGA.GLLKPSETLSLTCAVYGGSF....SGYYWSWIRQPPGKGLEWIGEINHS...GSTNYNPSLK.SRVTISVDTSKNQFSLKLSSVTAADTAVYYC
NY-01-0117-H1;IGHV4-34*01 F;ARGVWIVVVVAATDYWYFDL;207;QVQLQQWGA.GLLKPSETLSLTCAVYGGSF....SGYYWSWIRQPPGKGLEWIGEINHS...GSTNYNPSLK.SRVTISVDTSKNQFSLKLSSVTAADTAVYYC
CZ-01-0765-H1;IGHV4-34*01 F;ARYSVVVTAILNYYYYGMDV;4-34/20-1;QVQLQQWGA.GLLKPSETLSLTCAVYGGSF....SGYYWSWIRQPPGKGLEWIGEINHS...GSTNYNPSLK.SRVTISVDTSKNQFSLKLSSVTAADTAVYYC
CZ-01-0789-H1;IGHV4-34*01 F;ARYQIVVTALINYYYYGMDV;4-34/20-1;QVQLQQWGA.GLLKPSETLSLTCAVYGGSF....SGYYWSWIRQPPGKGLEWIGEINHS...GSTNYNPSLK.SRVTISVDTSKNQFSLKLSSVTAADTAVYYC
SE-01-0226-H2;IGHV4-34*01 F;ASRVVPAAIIPGYYYYGMDV;N4-34-16;.........................YGGSF....SGYYWSWIRQPPGKGLEWIGEINHS...GSTNYNPSLK.SRVTISVDTSKNQFSLKLSSVTAADTAVYYC
DE-02-3212-H1;IGHV4-34*01 F;AVVVVPAALIPDYYYYGMDV;N4-34-16;QVQLQQWGA.GLLKPSETLSLTCAVYGGSF....SGYYWSWIRQPPGKGLEWIGEINHS...GSTNYNPSLK.SRVTISVDTSKNQFSLKLSSVTAADTAVYYC
GR-02-0139-H1;IGHV4-34*01 F;WIVVVPAAIVPNYYYYGMDV;N4-34-16;QVQLQQWGA.GLLKPSETLSLTCAVYGGSF....SGYYWSWIRQPPGKGLEWIGEINHS...GSTNYNPSLK.SRVTISVDTSKNQFSLKLSSVTAADTAVYYC
SE-01-1090-H1;IGHV4-34*01 F;AEAVVPAAMVPNYYYYYMDV;N4-34-16;QVQLQQWGA.GLLKPSETLSLTCAVYGGSF....SGYYWSWIRQPPGKGLEWIGEINHS...GSTNYNPSLK.SRVTISVDTSKNQFSLKLSSVTAADTAVYYC
UK-01-0702-H1;IGHV4-34*01 F;ASGQFVIIPAASYYYYYMDV;N4-34-18;QVQLQQWGA.GLLKPSETLSLTCAVYGGSF....SDYYWSWIRQPPGKGLEWIGEINHS...GNTNYNPSLK.SRVTISVDTSNNQFSLKLNSVTAADTAVYYC
DE-02-3160-H1;IGHV4-34*01 F;ARGQIVVVPAAQYYYYYMDV;N4-34-18;QVQLQQWGA.GLLEPSETLSLTCAVYGGSL....SGYYWSWIRQPPGKGLEWIGEINHS...GSTNYNPSLK.SRVTISVDTSKNQFSLKLSSVTAADTAVYYC
DK-01-0001-H1;IGHV4-34*01 F;ASAYIVVVPEGYYDFWSGYS;nosubset;QVQLQQWGA.GLLKPSETLSLTCAVYGGSF....SGYYWSWIRQPPGKGLEWIGEINHS...GSTNYNPSLK.SRVTISVDTSKNQFSLKLSSVTAADTAVYYC
DE-02-5111-H1;"IGHV4-34*01 F; orIGHV4-34*12 F";ARGISSLIFDWLLLGTYFDY;nosubset;QVQLQQWGA.GLLKPSETLSLTCAVYGESF....SGHYWTWIRLPPGKGLEWIGEISHS...GSTNYKPSLK.SRVIISVDRSKNQFSLKLRSVTAADTAVYYC
UK-03-0078-H1;IGHV4-34*01 F;ARRGGDSGLAEVGMDYYFDS;nosubset;QVQLQQWGA.GLLKPSETVSLTCAVYGGSF....SGYYWAWIRQPPGKGLEWIGEINHS...GSTNYKPSLK.SRVTISVDTSKNQFSLNLNAVTAADTAVYYC
GR-01-0028-H1;IGHV4-34*01 F;ARAFYGYNYDPNLESGAFDM;nosubset;QVQLQQWGA.GLLKPSETLSLTCAVYGGSF....SGYYWTWIRQSPGKGLEWIGEVNYG...GGTNYNPSLK.SRLTISVDTSKNQFSLKLTSLTAADTAVYYC
IT-07-0156-H1;IGHV4-34*01 F;ARRCARRGSNYGVKQNDMDV;nosubset;..QLQQWGA.GLLKPSETLSLTCVVYGGSF....SDYYWSWIRQPPGKGLEWIGEVNHS...GSTNYNPSLR.SRVTLSSDTSKNQFSLKLSSVTAADTAVYYC
DE-02-5143-H1;IGHV4-34*01 F;ARVGQLWLPVLYYYYYGMDV;nosubset;QVQLQQWGA.GLLKPSETLSLTCAVYGGSF....SGYYWSWIRQPPGKGLEWIGEINHS...GSTNYNPSLK.SRVTISVDTSKNQFSLKLSSVTAADTAVYYC
GR-02-0413-H1;IGHV4-34*01 F;ARGRSPRRWLQNRVHDAFDI;nosubset;QVQLQQWGA.GLLKPSETLSLTCAVYGGSF....SGYYWNWIRQPPGKGLEWIGEINHS...GSTNYNPSLK.SRVTISVDTSKNQFSLKLSSVTAADTAVYYC
CZ-01-1070-H1;IGHV4-34*01 F;ARLYSSSWVGGYYYYYYMDV;nosubset;QVQLQQWGA.GLLKPSETLSLTCAVYGGSF....SGYYWSWIRQPPGKGLEWIGEINHS...GSTNYNPSLK.SRVTISVDTSKNQFSLKLSSVTAADTAVYYC
IT-06-0226-H1;IGHV4-34*01 F;ARVGPFSSRWYDGHYYAMDV;nosubset;QVQLQQWGA.GLLKPSETLSLTCAVYGGSL....SGYYWSWIRQSPGKGLEWIGEINHS...GRTNYNPSLK.SRVTISVDRSKSQFSLKVTSLTAADTAVYYC
UK-03-0121-H1;IGHV4-34*02 F;ARGLKSAYRAYTSGGYGLDV;nosubset;QVQLQQWGA.GLLKPSETLSLTCAVYGGSF....SDYYWSWVRQPPGKGLEWIGEISDS...GSTTYTPSLK.SRVTISVDTSKNQFSLKVTSVTAADTGVYYC
IT-02-0504-H1;IGHV4-34*12 F;ARGNRRTVYGSGPPLGDFDS;nosubset;QVHLQQWGA.GLLKPSETLSLTCTVYGESF....SGYSWNWIRQPPGRGLEWIGEIIHS...GTTNYNPSLE.SRVTISMDSSENQFSLALRSVTAADTAGYYC
ES-01-0177-H1;IGHV4-34*01 F;ARGPRGDSSGWYPPPRPLDY;nosubset;QVRLQQWGA.GLLKPSETLSLTCAVYGGSF....SGYYWSWIRQPPGKGLEWIGEIDHS...GSTTYKPSLK.SRVAISVDTSKNQFSLKLSSVTAADTAVYYC
